{"_class":"page","do_objectID":"70FB2DE9-AA1E-437A-83F5-98AFEB078384","booleanOperation":0,"exportOptions":{"_class":"exportOptions","exportFormats":[],"includedLayerIds":[],"layerOptions":0,"shouldTrim":false},"frame":{"_class":"rect","constrainProportions":false,"height":300,"width":300,"x":0,"y":0},"isFixedToViewport":false,"isFlippedHorizontal":false,"isFlippedVertical":false,"isLocked":false,"isVisible":true,"layerListExpandedType":0,"name":"Page 1","nameIsFixed":false,"resizingConstraint":63,"resizingType":0,"rotation":0,"shouldBreakMaskChain":false,"style":{"_class":"style","endMarkerType":0,"miterLimit":10,"startMarkerType":0,"windingRule":1},"hasClickThrough":true,"layers":[{"_class":"artboard","do_objectID":"08686C69-E6DD-4B69-930E-F54902E02C88","booleanOperation":0,"exportOptions":{"_class":"exportOptions","do_objectID":"2BA01CD2-8542-4ED3-AE1E-43053223C6C1","exportFormats":[],"includedLayerIds":[],"layerOptions":0,"shouldTrim":false},"frame":{"_class":"rect","do_objectID":"E929DCBC-BC56-4DF1-ACAF-0277A11C5313","constrainProportions":false,"height":750,"width":1119,"x":17,"y":335},"isFixedToViewport":false,"isFlippedHorizontal":false,"isFlippedVertical":false,"isLocked":false,"isVisible":true,"layerListExpandedType":2,"name":"type-scale","nameIsFixed":true,"resizingConstraint":63,"resizingType":0,"rotation":0,"shouldBreakMaskChain":true,"style":{"_class":"style","do_objectID":"1EB2A3EC-F4E9-45D6-99EF-542CF4F8053C","endMarkerType":0,"miterLimit":10,"startMarkerType":0,"windingRule":1},"hasClickThrough":false,"layers":[{"_class":"group","do_objectID":"6B1B090D-748A-4F70-9C49-E7594B0776DC","booleanOperation":0,"exportOptions":{"_class":"exportOptions","do_objectID":"6B30F8AA-21B5-4762-9198-2FF957C7F164","exportFormats":[],"includedLayerIds":[],"layerOptions":0,"shouldTrim":false},"frame":{"_class":"rect","do_objectID":"C1C0C296-2B1D-4737-9B79-3A62319D1E17","constrainProportions":false,"height":41,"width":190,"x":80,"y":77},"isFixedToViewport":false,"isFlippedHorizontal":false,"isFlippedVertical":false,"isLocked":false,"isVisible":true,"layerListExpandedType":0,"name":"header","nameIsFixed":true,"resizingConstraint":63,"resizingType":0,"rotation":0,"shouldBreakMaskChain":false,"style":{"_class":"style","do_objectID":"9EB01649-2240-48B0-82F3-5E6AB0F51124","endMarkerType":0,"miterLimit":10,"startMarkerType":0,"windingRule":1},"hasClickThrough":false,"layers":[{"_class":"text","do_objectID":"3BDEF4E3-2C2F-4108-8C37-CD43DC3789B9","booleanOperation":0,"exportOptions":{"_class":"exportOptions","do_objectID":"C24B59CE-12C1-4C0A-BE0C-A2DA043D0E40","exportFormats":[],"includedLayerIds":[],"layerOptions":0,"shouldTrim":false},"frame":{"_class":"rect","do_objectID":"AEF5F3DB-1413-448E-BBD3-36A8D0E111D9","constrainProportions":false,"height":16,"width":190,"x":0,"y":0},"isFixedToViewport":false,"isFlippedHorizontal":false,"isFlippedVertical":false,"isLocked":false,"isVisible":true,"layerListExpandedType":0,"name":"NEUELABS WEB DESIGN","nameIsFixed":false,"resizingConstraint":47,"resizingType":0,"rotation":0,"shouldBreakMaskChain":false,"userInfo":{"com.animaapp.stc-sketch-plugin":{"kModelPropertiesKey":{"isAutoWidth":1}}},"style":{"_class":"style","do_objectID":"91260EAE-1A75-43D3-8F33-67656E7A82BD","endMarkerType":0,"miterLimit":10,"sharedObjectID":"FA72CB12-7050-4F0A-9A09-9BF55FDEDEDD","startMarkerType":0,"textStyle":{"_class":"textStyle","encodedAttributes":{"MSAttributedStringColorAttribute":{"_class":"color","alpha":1,"blue":0.55,"green":0.4664,"red":0.418},"MSAttributedStringFontAttribute":{"_class":"fontDescriptor","attributes":{"name":"AvenirNext-DemiBold","size":12}},"paragraphStyle":{"_class":"paragraphStyle","maximumLineHeight":16,"minimumLineHeight":16},"kerning":0},"verticalAlignment":0},"windingRule":1},"attributedString":{"_class":"attributedString","string":"NEUELABS WEB DESIGN SYSTEM","attributes":[{"_class":"stringAttribute","location":0,"length":26,"attributes":{"MSAttributedStringFontAttribute":{"_class":"fontDescriptor","attributes":{"name":"AvenirNext-DemiBold","size":12}},"MSAttributedStringColorAttribute":{"_class":"color","alpha":1,"blue":0.55,"green":0.4664,"red":0.418},"paragraphStyle":{"_class":"paragraphStyle","maximumLineHeight":16,"minimumLineHeight":16},"kerning":0}}]},"automaticallyDrawOnUnderlyingPath":false,"dontSynchroniseWithSymbol":false,"glyphBounds":"{{0, 3}, {189, 10}}","lineSpacingBehaviour":2,"textBehaviour":0},{"_class":"text","do_objectID":"98805D6F-1DAA-4FB4-BD2D-BF51C3019CAB","booleanOperation":0,"exportOptions":{"_class":"exportOptions","do_objectID":"2ABB9669-5515-4932-B91E-833A3185598A","exportFormats":[],"includedLayerIds":[],"layerOptions":0,"shouldTrim":false},"frame":{"_class":"rect","do_objectID":"38C43C41-84F7-473E-938A-256B39C98917","constrainProportions":false,"height":20,"width":182,"x":0,"y":21},"isFixedToViewport":false,"isFlippedHorizontal":false,"isFlippedVertical":false,"isLocked":false,"isVisible":true,"layerListExpandedType":0,"name":"Type Scale — v0.0.0-","nameIsFixed":false,"resizingConstraint":47,"resizingType":0,"rotation":0,"shouldBreakMaskChain":false,"style":{"_class":"style","do_objectID":"EEDE57CA-763D-4682-AB79-F72197789F61","endMarkerType":0,"miterLimit":10,"sharedObjectID":"ABEB775C-3684-45A4-98F5-D631CED8C4D2","startMarkerType":0,"textStyle":{"_class":"textStyle","encodedAttributes":{"MSAttributedStringColorAttribute":{"_class":"color","alpha":1,"blue":0.55,"green":0.4664,"red":0.418},"MSAttributedStringFontAttribute":{"_class":"fontDescriptor","attributes":{"name":"AvenirNext-Regular","size":14}},"paragraphStyle":{"_class":"paragraphStyle","alignment":0,"maximumLineHeight":20,"minimumLineHeight":20,"allowsDefaultTighteningForTruncation":0},"kerning":0},"verticalAlignment":0},"windingRule":1},"attributedString":{"_class":"attributedString","string":"Type Scale — v0.0.0-canary.0","attributes":[{"_class":"stringAttribute","location":0,"length":28,"attributes":{"MSAttributedStringFontAttribute":{"_class":"fontDescriptor","attributes":{"name":"AvenirNext-Regular","size":14}},"MSAttributedStringColorAttribute":{"_class":"color","alpha":1,"blue":0.55,"green":0.4664,"red":0.418},"paragraphStyle":{"_class":"paragraphStyle","alignment":0,"maximumLineHeight":20,"minimumLineHeight":20,"allowsDefaultTighteningForTruncation":0},"kerning":0}}]},"automaticallyDrawOnUnderlyingPath":false,"dontSynchroniseWithSymbol":false,"glyphBounds":"{{0, 3}, {181, 15}}","lineSpacingBehaviour":2,"textBehaviour":0}]},{"_class":"group","do_objectID":"AEE4550B-19D2-48BD-962A-33A663F580FF","booleanOperation":0,"exportOptions":{"_class":"exportOptions","do_objectID":"4AA54582-860C-4D6A-96FD-2B816CE1F0EB","exportFormats":[],"includedLayerIds":[],"layerOptions":0,"shouldTrim":false},"frame":{"_class":"rect","do_objectID":"2860CD1D-B531-483D-8130-8D9A606FBF7D","constrainProportions":false,"height":521,"width":959,"x":80,"y":173},"isFixedToViewport":false,"isFlippedHorizontal":false,"isFlippedVertical":false,"isLocked":false,"isVisible":true,"layerListExpandedType":2,"name":"content","nameIsFixed":true,"resizingConstraint":63,"resizingType":0,"rotation":0,"shouldBreakMaskChain":false,"style":{"_class":"style","do_objectID":"A46CA2F3-3773-4590-817F-1164327824C0","endMarkerType":0,"miterLimit":10,"startMarkerType":0,"windingRule":1},"hasClickThrough":false,"layers":[{"_class":"group","do_objectID":"280565B6-8069-42C9-AF76-6171DBF17541","booleanOperation":-1,"exportOptions":{"_class":"exportOptions","exportFormats":[],"includedLayerIds":[],"layerOptions":0,"shouldTrim":false},"frame":{"_class":"rect","constrainProportions":false,"height":83,"width":959,"x":0,"y":0},"isFixedToViewport":false,"isFlippedHorizontal":false,"isFlippedVertical":false,"isLocked":false,"isVisible":true,"layerListExpandedType":0,"name":"h100","nameIsFixed":true,"resizingConstraint":63,"resizingType":0,"rotation":0,"shouldBreakMaskChain":false,"style":{"_class":"style","endMarkerType":0,"miterLimit":10,"startMarkerType":0,"windingRule":1},"hasClickThrough":false,"layers":[{"_class":"text","do_objectID":"8DDCA854-D328-411F-A356-A7F52552B4CE","booleanOperation":0,"exportOptions":{"_class":"exportOptions","do_objectID":"27A0460A-E2D1-493B-8BE0-A394C9D6A5A8","exportFormats":[],"includedLayerIds":[],"layerOptions":0,"shouldTrim":false},"frame":{"_class":"rect","do_objectID":"2D671DF6-F708-470B-88D3-19063511EA85","constrainProportions":false,"height":44,"width":708,"x":137,"y":39},"isFixedToViewport":false,"isFlippedHorizontal":false,"isFlippedVertical":false,"isLocked":false,"isVisible":true,"layerListExpandedType":0,"name":"Trust through data a","nameIsFixed":false,"resizingConstraint":47,"resizingType":0,"rotation":0,"shouldBreakMaskChain":false,"userInfo":{"com.animaapp.stc-sketch-plugin":{"kModelPropertiesKey":{"isAutoWidth":1}}},"style":{"_class":"style","do_objectID":"67E3A31F-4832-4136-83BC-AA9EE6E32AA7","endMarkerType":0,"miterLimit":10,"sharedObjectID":"689CD410-767E-42FA-9A15-93EB8C560D8C","startMarkerType":0,"textStyle":{"_class":"textStyle","encodedAttributes":{"MSAttributedStringColorAttribute":{"_class":"color","alpha":1,"blue":0.1803921568627451,"green":0.06666666666666667,"red":0.1019607843137254},"MSAttributedStringFontAttribute":{"_class":"fontDescriptor","attributes":{"name":"AvenirNext-Bold","size":42}},"paragraphStyle":{"_class":"paragraphStyle","maximumLineHeight":44,"minimumLineHeight":44},"kerning":0},"verticalAlignment":0},"windingRule":1},"attributedString":{"_class":"attributedString","string":"Trust through data and technology","attributes":[{"_class":"stringAttribute","location":0,"length":33,"attributes":{"MSAttributedStringFontAttribute":{"_class":"fontDescriptor","attributes":{"name":"AvenirNext-Bold","size":42}},"MSAttributedStringColorAttribute":{"_class":"color","alpha":1,"blue":0.1803921568627451,"green":0.06666666666666667,"red":0.1019607843137254},"paragraphStyle":{"_class":"paragraphStyle","maximumLineHeight":44,"minimumLineHeight":44},"kerning":0}}]},"automaticallyDrawOnUnderlyingPath":false,"dontSynchroniseWithSymbol":false,"glyphBounds":"{{0, 3}, {708, 43}}","lineSpacingBehaviour":2,"textBehaviour":0},{"_class":"text","do_objectID":"5A20E1FA-EB07-4BA1-A903-75816CD479A7","booleanOperation":0,"exportOptions":{"_class":"exportOptions","do_objectID":"9A3CAF5B-F855-42DE-A41C-5575BCC2948C","exportFormats":[],"includedLayerIds":[],"layerOptions":0,"shouldTrim":false},"frame":{"_class":"rect","do_objectID":"BE7909EF-E2BD-46E2-8FE8-F7F66574E9C8","constrainProportions":false,"height":44,"width":114,"x":0,"y":39},"isFixedToViewport":false,"isFlippedHorizontal":false,"isFlippedVertical":false,"isLocked":false,"isVisible":true,"layerListExpandedType":0,"name":"H100","nameIsFixed":false,"resizingConstraint":47,"resizingType":0,"rotation":0,"shouldBreakMaskChain":false,"userInfo":{"com.animaapp.stc-sketch-plugin":{"kModelPropertiesKey":{"isAutoWidth":1}}},"style":{"_class":"style","do_objectID":"1D813D8D-63E3-4270-932F-A40959BD38EA","endMarkerType":0,"miterLimit":10,"sharedObjectID":"689CD410-767E-42FA-9A15-93EB8C560D8C","startMarkerType":0,"textStyle":{"_class":"textStyle","encodedAttributes":{"MSAttributedStringColorAttribute":{"_class":"color","alpha":1,"blue":0.1803921568627451,"green":0.06666666666666667,"red":0.1019607843137254},"MSAttributedStringFontAttribute":{"_class":"fontDescriptor","attributes":{"name":"AvenirNext-Bold","size":42}},"paragraphStyle":{"_class":"paragraphStyle","maximumLineHeight":44,"minimumLineHeight":44},"kerning":0},"verticalAlignment":0},"windingRule":1},"attributedString":{"_class":"attributedString","string":"H100","attributes":[{"_class":"stringAttribute","location":0,"length":4,"attributes":{"MSAttributedStringFontAttribute":{"_class":"fontDescriptor","attributes":{"name":"AvenirNext-Bold","size":42}},"MSAttributedStringColorAttribute":{"_class":"color","alpha":1,"blue":0.1803921568627451,"green":0.06666666666666667,"red":0.1019607843137254},"paragraphStyle":{"_class":"paragraphStyle","maximumLineHeight":44,"minimumLineHeight":44},"kerning":0}}]},"automaticallyDrawOnUnderlyingPath":false,"dontSynchroniseWithSymbol":false,"glyphBounds":"{{3, 4}, {109, 32}}","lineSpacingBehaviour":2,"textBehaviour":0},{"_class":"shapeGroup","do_objectID":"EED72164-A7DD-4794-BD3B-8F3145D88AB4","booleanOperation":0,"exportOptions":{"_class":"exportOptions","do_objectID":"FB00F09F-FBF9-4F7D-9CD9-0867A630BEAC","exportFormats":[],"includedLayerIds":[],"layerOptions":0,"shouldTrim":false},"frame":{"_class":"rect","do_objectID":"48141E96-81C0-4AB8-827B-85137B3DF727","constrainProportions":false,"height":40,"width":959,"x":0,"y":0},"isFixedToViewport":false,"isFlippedHorizontal":false,"isFlippedVertical":false,"isLocked":false,"isVisible":true,"layerListExpandedType":1,"name":"margin-top","nameIsFixed":true,"resizingConstraint":63,"resizingType":0,"rotation":0,"shouldBreakMaskChain":false,"userInfo":{"com.animaapp.stc-sketch-plugin":{"kModelPropertiesKey":{}}},"style":{"_class":"style","do_objectID":"3D5BD41D-F5F4-4C5A-AE9C-8DB227A32B51","contextSettings":{"_class":"graphicsContextSettings","do_objectID":"29697F69-4BED-41DC-82C4-E7C6F8F4AB0D","blendMode":0,"opacity":0.1000000014901161},"endMarkerType":0,"fills":[{"_class":"fill","isEnabled":true,"color":{"_class":"color","alpha":1,"blue":0.8509803921568627,"green":0.4666666666666666,"red":0.5294117647058824},"fillType":0,"noiseIndex":0,"noiseIntensity":0,"patternFillType":0,"patternTileScale":1}],"miterLimit":10,"startMarkerType":0,"windingRule":1},"hasClickThrough":false,"layers":[{"_class":"rectangle","do_objectID":"59441CF5-A460-4A16-8443-A2708FB93F4E","booleanOperation":-1,"exportOptions":{"_class":"exportOptions","do_objectID":"50CFD0F6-B31B-4E1E-AF36-AC0BF2E8D064","exportFormats":[],"includedLayerIds":[],"layerOptions":0,"shouldTrim":false},"frame":{"_class":"rect","do_objectID":"A5BD77EC-9948-4370-A8B3-A3F235F5CDFD","constrainProportions":false,"height":40,"width":959,"x":0,"y":0},"isFixedToViewport":false,"isFlippedHorizontal":false,"isFlippedVertical":false,"isLocked":false,"isVisible":true,"layerListExpandedType":0,"name":"Path","nameIsFixed":false,"resizingConstraint":63,"resizingType":0,"rotation":0,"shouldBreakMaskChain":false,"edited":false,"isClosed":true,"pointRadiusBehaviour":0,"points":[{"_class":"curvePoint","cornerRadius":0,"curveFrom":"{0, 0}","curveMode":1,"curveTo":"{0, 0}","hasCurveFrom":false,"hasCurveTo":false,"point":"{0, 0}"},{"_class":"curvePoint","cornerRadius":0,"curveFrom":"{1, 0}","curveMode":1,"curveTo":"{1, 0}","hasCurveFrom":false,"hasCurveTo":false,"point":"{1, 0}"},{"_class":"curvePoint","cornerRadius":0,"curveFrom":"{1, 1}","curveMode":1,"curveTo":"{1, 1}","hasCurveFrom":false,"hasCurveTo":false,"point":"{1, 1}"},{"_class":"curvePoint","cornerRadius":0,"curveFrom":"{0, 1}","curveMode":1,"curveTo":"{0, 1}","hasCurveFrom":false,"hasCurveTo":false,"point":"{0, 1}"}],"fixedRadius":0,"hasConvertedToNewRoundCorners":true}],"clippingMaskMode":0,"hasClippingMask":false,"windingRule":1}]},{"_class":"group","do_objectID":"64AAD149-A668-4B3A-AC62-8339221CCF92","booleanOperation":-1,"exportOptions":{"_class":"exportOptions","exportFormats":[],"includedLayerIds":[],"layerOptions":0,"shouldTrim":false},"frame":{"_class":"rect","constrainProportions":false,"height":60,"width":959,"x":0,"y":83},"isFixedToViewport":false,"isFlippedHorizontal":false,"isFlippedVertical":false,"isLocked":false,"isVisible":true,"layerListExpandedType":0,"name":"h200","nameIsFixed":true,"resizingConstraint":63,"resizingType":0,"rotation":0,"shouldBreakMaskChain":false,"style":{"_class":"style","endMarkerType":0,"miterLimit":10,"startMarkerType":0,"windingRule":1},"hasClickThrough":false,"layers":[{"_class":"text","do_objectID":"C4041426-6A9E-44FB-8D11-ABC0092E987C","booleanOperation":0,"exportOptions":{"_class":"exportOptions","do_objectID":"8EB650AA-824B-46E8-B674-7E9E4C7681B8","exportFormats":[],"includedLayerIds":[],"layerOptions":0,"shouldTrim":false},"frame":{"_class":"rect","do_objectID":"AD8AA7C0-2861-423D-B8F7-E4D5E6F6D49D","constrainProportions":false,"height":32,"width":472,"x":137,"y":28},"isFixedToViewport":false,"isFlippedHorizontal":false,"isFlippedVertical":false,"isLocked":false,"isVisible":true,"layerListExpandedType":0,"name":"Trust through data a","nameIsFixed":false,"resizingConstraint":47,"resizingType":0,"rotation":0,"shouldBreakMaskChain":false,"userInfo":{"com.animaapp.stc-sketch-plugin":{"kModelPropertiesKey":{"isAutoWidth":1}}},"style":{"_class":"style","do_objectID":"034B6958-D19A-4187-8FEE-03A151AA660C","endMarkerType":0,"miterLimit":10,"sharedObjectID":"5D3E2BD4-5C37-42DE-8E2A-707A3EA2C915","startMarkerType":0,"textStyle":{"_class":"textStyle","encodedAttributes":{"MSAttributedStringColorAttribute":{"_class":"color","alpha":1,"blue":0.1803921568627451,"green":0.06666666666666667,"red":0.1019607843137254},"MSAttributedStringFontAttribute":{"_class":"fontDescriptor","attributes":{"name":"AvenirNext-Bold","size":28}},"paragraphStyle":{"_class":"paragraphStyle","alignment":0,"maximumLineHeight":32,"minimumLineHeight":32,"allowsDefaultTighteningForTruncation":0},"kerning":0},"verticalAlignment":0},"windingRule":1},"attributedString":{"_class":"attributedString","string":"Trust through data and technology","attributes":[{"_class":"stringAttribute","location":0,"length":33,"attributes":{"MSAttributedStringFontAttribute":{"_class":"fontDescriptor","attributes":{"name":"AvenirNext-Bold","size":28}},"MSAttributedStringColorAttribute":{"_class":"color","alpha":1,"blue":0.1803921568627451,"green":0.06666666666666667,"red":0.1019607843137254},"paragraphStyle":{"_class":"paragraphStyle","alignment":0,"maximumLineHeight":32,"minimumLineHeight":32,"allowsDefaultTighteningForTruncation":0},"kerning":0}}]},"automaticallyDrawOnUnderlyingPath":false,"dontSynchroniseWithSymbol":false,"glyphBounds":"{{0, 3}, {472, 29}}","lineSpacingBehaviour":2,"textBehaviour":0},{"_class":"text","do_objectID":"46C537DB-9E8A-4FCF-81BC-9A262920E602","booleanOperation":0,"exportOptions":{"_class":"exportOptions","do_objectID":"B2463832-DC7B-42F4-88CC-89B2AD184E79","exportFormats":[],"includedLayerIds":[],"layerOptions":0,"shouldTrim":false},"frame":{"_class":"rect","do_objectID":"BEE2F1C1-6108-4127-A0CD-7F752E6A9ED1","constrainProportions":false,"height":32,"width":76,"x":0,"y":28},"isFixedToViewport":false,"isFlippedHorizontal":false,"isFlippedVertical":false,"isLocked":false,"isVisible":true,"layerListExpandedType":0,"name":"H200","nameIsFixed":false,"resizingConstraint":47,"resizingType":0,"rotation":0,"shouldBreakMaskChain":false,"userInfo":{"com.animaapp.stc-sketch-plugin":{"kModelPropertiesKey":{"isAutoWidth":1}}},"style":{"_class":"style","do_objectID":"BC12448D-2860-4EC8-A814-92E9C1C5463F","endMarkerType":0,"miterLimit":10,"sharedObjectID":"5D3E2BD4-5C37-42DE-8E2A-707A3EA2C915","startMarkerType":0,"textStyle":{"_class":"textStyle","encodedAttributes":{"MSAttributedStringColorAttribute":{"_class":"color","alpha":1,"blue":0.1803921568627451,"green":0.06666666666666667,"red":0.1019607843137254},"MSAttributedStringFontAttribute":{"_class":"fontDescriptor","attributes":{"name":"AvenirNext-Bold","size":28}},"paragraphStyle":{"_class":"paragraphStyle","alignment":0,"maximumLineHeight":32,"minimumLineHeight":32,"allowsDefaultTighteningForTruncation":0},"kerning":0},"verticalAlignment":0},"windingRule":1},"attributedString":{"_class":"attributedString","string":"H200","attributes":[{"_class":"stringAttribute","location":0,"length":4,"attributes":{"MSAttributedStringFontAttribute":{"_class":"fontDescriptor","attributes":{"name":"AvenirNext-Bold","size":28}},"MSAttributedStringColorAttribute":{"_class":"color","alpha":1,"blue":0.1803921568627451,"green":0.06666666666666667,"red":0.1019607843137254},"paragraphStyle":{"_class":"paragraphStyle","alignment":0,"maximumLineHeight":32,"minimumLineHeight":32,"allowsDefaultTighteningForTruncation":0},"kerning":0}}]},"automaticallyDrawOnUnderlyingPath":false,"dontSynchroniseWithSymbol":false,"glyphBounds":"{{2, 4}, {73, 22}}","lineSpacingBehaviour":2,"textBehaviour":0},{"_class":"shapeGroup","do_objectID":"960176EE-5482-49EE-A181-89D144EA4113","booleanOperation":0,"exportOptions":{"_class":"exportOptions","do_objectID":"3828896F-2874-40D4-97B6-F40FFBC8C906","exportFormats":[],"includedLayerIds":[],"layerOptions":0,"shouldTrim":false},"frame":{"_class":"rect","do_objectID":"7E55C441-C6A0-422F-9EF4-1887954F9E52","constrainProportions":false,"height":28,"width":959,"x":0,"y":0},"isFixedToViewport":false,"isFlippedHorizontal":false,"isFlippedVertical":false,"isLocked":false,"isVisible":true,"layerListExpandedType":1,"name":"margin-top","nameIsFixed":true,"resizingConstraint":63,"resizingType":0,"rotation":0,"shouldBreakMaskChain":false,"userInfo":{"com.animaapp.stc-sketch-plugin":{"kModelPropertiesKey":{}}},"style":{"_class":"style","do_objectID":"C37AA671-DC5A-4F09-B752-3DFAE515F7AE","contextSettings":{"_class":"graphicsContextSettings","do_objectID":"9C620918-937D-4AA3-AA6C-5D365162E4B2","blendMode":0,"opacity":0.1000000014901161},"endMarkerType":0,"fills":[{"_class":"fill","isEnabled":true,"color":{"_class":"color","alpha":1,"blue":0.8509803921568627,"green":0.4666666666666666,"red":0.5294117647058824},"fillType":0,"noiseIndex":0,"noiseIntensity":0,"patternFillType":0,"patternTileScale":1}],"miterLimit":10,"startMarkerType":0,"windingRule":1},"hasClickThrough":false,"layers":[{"_class":"rectangle","do_objectID":"34B638CF-F3D6-4587-BFA9-9861CA9D18D3","booleanOperation":-1,"exportOptions":{"_class":"exportOptions","do_objectID":"374DAC3C-3915-48F1-956C-2BCF2B10DAE9","exportFormats":[],"includedLayerIds":[],"layerOptions":0,"shouldTrim":false},"frame":{"_class":"rect","do_objectID":"B34D04C3-1A1C-4D07-839B-3F947D9595F6","constrainProportions":false,"height":28,"width":959,"x":0,"y":0},"isFixedToViewport":false,"isFlippedHorizontal":false,"isFlippedVertical":false,"isLocked":false,"isVisible":true,"layerListExpandedType":0,"name":"Path","nameIsFixed":false,"resizingConstraint":63,"resizingType":0,"rotation":0,"shouldBreakMaskChain":false,"edited":false,"isClosed":true,"pointRadiusBehaviour":0,"points":[{"_class":"curvePoint","cornerRadius":0,"curveFrom":"{0, 0}","curveMode":1,"curveTo":"{0, 0}","hasCurveFrom":false,"hasCurveTo":false,"point":"{0, 0}"},{"_class":"curvePoint","cornerRadius":0,"curveFrom":"{1, 0}","curveMode":1,"curveTo":"{1, 0}","hasCurveFrom":false,"hasCurveTo":false,"point":"{1, 0}"},{"_class":"curvePoint","cornerRadius":0,"curveFrom":"{1, 1}","curveMode":1,"curveTo":"{1, 1}","hasCurveFrom":false,"hasCurveTo":false,"point":"{1, 1}"},{"_class":"curvePoint","cornerRadius":0,"curveFrom":"{0, 1}","curveMode":1,"curveTo":"{0, 1}","hasCurveFrom":false,"hasCurveTo":false,"point":"{0, 1}"}],"fixedRadius":0,"hasConvertedToNewRoundCorners":true}],"clippingMaskMode":0,"hasClippingMask":false,"windingRule":1}]},{"_class":"group","do_objectID":"B47F6DCF-45C7-48B8-8A3E-549BF0758E8B","booleanOperation":-1,"exportOptions":{"_class":"exportOptions","exportFormats":[],"includedLayerIds":[],"layerOptions":0,"shouldTrim":false},"frame":{"_class":"rect","constrainProportions":false,"height":60,"width":959,"x":0,"y":143},"isFixedToViewport":false,"isFlippedHorizontal":false,"isFlippedVertical":false,"isLocked":false,"isVisible":true,"layerListExpandedType":0,"name":"h300","nameIsFixed":true,"resizingConstraint":63,"resizingType":0,"rotation":0,"shouldBreakMaskChain":false,"style":{"_class":"style","endMarkerType":0,"miterLimit":10,"startMarkerType":0,"windingRule":1},"hasClickThrough":false,"layers":[{"_class":"text","do_objectID":"C171A055-9EEE-45A5-A0C4-2246FC351D69","booleanOperation":0,"exportOptions":{"_class":"exportOptions","do_objectID":"F06ED6C6-1F67-481F-BC58-69F493AFB2A2","exportFormats":[],"includedLayerIds":[],"layerOptions":0,"shouldTrim":false},"frame":{"_class":"rect","do_objectID":"6CC7CB87-4639-4474-8DC1-BF07B9066163","constrainProportions":false,"height":32,"width":415,"x":137,"y":28},"isFixedToViewport":false,"isFlippedHorizontal":false,"isFlippedVertical":false,"isLocked":false,"isVisible":true,"layerListExpandedType":0,"name":"Trust through data a","nameIsFixed":false,"resizingConstraint":47,"resizingType":0,"rotation":0,"shouldBreakMaskChain":false,"userInfo":{"com.animaapp.stc-sketch-plugin":{"kModelPropertiesKey":{"isAutoWidth":1}}},"style":{"_class":"style","do_objectID":"D548F6A5-7184-4548-A9C2-C8F14EBA8866","endMarkerType":0,"miterLimit":10,"sharedObjectID":"C5270CF2-09B5-4670-A2A6-B44F03AFC446","startMarkerType":0,"textStyle":{"_class":"textStyle","encodedAttributes":{"MSAttributedStringColorAttribute":{"_class":"color","alpha":1,"blue":0.7019607843137254,"green":0.6588235294117647,"red":0.6431372549019607},"MSAttributedStringFontAttribute":{"_class":"fontDescriptor","attributes":{"name":"AvenirNext-Medium","size":26}},"paragraphStyle":{"_class":"paragraphStyle","alignment":0,"maximumLineHeight":32,"minimumLineHeight":32,"allowsDefaultTighteningForTruncation":0},"kerning":0},"verticalAlignment":0},"windingRule":1},"attributedString":{"_class":"attributedString","string":"Trust through data and technology","attributes":[{"_class":"stringAttribute","location":0,"length":33,"attributes":{"MSAttributedStringFontAttribute":{"_class":"fontDescriptor","attributes":{"name":"AvenirNext-Medium","size":26}},"MSAttributedStringColorAttribute":{"_class":"color","alpha":1,"blue":0.7019607843137254,"green":0.6588235294117647,"red":0.6431372549019607},"paragraphStyle":{"_class":"paragraphStyle","alignment":0,"maximumLineHeight":32,"minimumLineHeight":32,"allowsDefaultTighteningForTruncation":0},"kerning":0}}]},"automaticallyDrawOnUnderlyingPath":false,"dontSynchroniseWithSymbol":false,"glyphBounds":"{{0, 4}, {415, 27}}","lineSpacingBehaviour":2,"textBehaviour":0},{"_class":"text","do_objectID":"4FB0FD45-A4FB-41AC-A11E-5E29E618F361","booleanOperation":0,"exportOptions":{"_class":"exportOptions","do_objectID":"3718527A-7EE2-4454-8C1A-9E867A9A1C34","exportFormats":[],"includedLayerIds":[],"layerOptions":0,"shouldTrim":false},"frame":{"_class":"rect","do_objectID":"79201605-0BD0-4DF1-AC0A-CB35BD924502","constrainProportions":false,"height":32,"width":66,"x":0,"y":28},"isFixedToViewport":false,"isFlippedHorizontal":false,"isFlippedVertical":false,"isLocked":false,"isVisible":true,"layerListExpandedType":0,"name":"H300","nameIsFixed":false,"resizingConstraint":47,"resizingType":0,"rotation":0,"shouldBreakMaskChain":false,"userInfo":{"com.animaapp.stc-sketch-plugin":{"kModelPropertiesKey":{"isAutoWidth":1}}},"style":{"_class":"style","do_objectID":"B674BF6B-A3D4-4C99-9FF1-8B4D1F51E037","endMarkerType":0,"miterLimit":10,"sharedObjectID":"C5270CF2-09B5-4670-A2A6-B44F03AFC446","startMarkerType":0,"textStyle":{"_class":"textStyle","encodedAttributes":{"MSAttributedStringColorAttribute":{"_class":"color","alpha":1,"blue":0.7019607843137254,"green":0.6588235294117647,"red":0.6431372549019607},"MSAttributedStringFontAttribute":{"_class":"fontDescriptor","attributes":{"name":"AvenirNext-Medium","size":26}},"paragraphStyle":{"_class":"paragraphStyle","alignment":0,"maximumLineHeight":32,"minimumLineHeight":32,"allowsDefaultTighteningForTruncation":0},"kerning":0},"verticalAlignment":0},"windingRule":1},"attributedString":{"_class":"attributedString","string":"H300","attributes":[{"_class":"stringAttribute","location":0,"length":4,"attributes":{"MSAttributedStringFontAttribute":{"_class":"fontDescriptor","attributes":{"name":"AvenirNext-Medium","size":26}},"MSAttributedStringColorAttribute":{"_class":"color","alpha":1,"blue":0.7019607843137254,"green":0.6588235294117647,"red":0.6431372549019607},"paragraphStyle":{"_class":"paragraphStyle","alignment":0,"maximumLineHeight":32,"minimumLineHeight":32,"allowsDefaultTighteningForTruncation":0},"kerning":0}}]},"automaticallyDrawOnUnderlyingPath":false,"dontSynchroniseWithSymbol":false,"glyphBounds":"{{2, 5}, {62, 20}}","lineSpacingBehaviour":2,"textBehaviour":0},{"_class":"shapeGroup","do_objectID":"A54F2672-A2A2-409E-85B3-73CF41E803FC","booleanOperation":0,"exportOptions":{"_class":"exportOptions","do_objectID":"060178E7-2441-4FE7-BA7D-DC49CF6D78E6","exportFormats":[],"includedLayerIds":[],"layerOptions":0,"shouldTrim":false},"frame":{"_class":"rect","do_objectID":"4A3C676E-C24C-4FDE-8CB3-E3C36438B0B9","constrainProportions":false,"height":28,"width":959,"x":0,"y":0},"isFixedToViewport":false,"isFlippedHorizontal":false,"isFlippedVertical":false,"isLocked":false,"isVisible":true,"layerListExpandedType":1,"name":"margin-top","nameIsFixed":true,"resizingConstraint":63,"resizingType":0,"rotation":0,"shouldBreakMaskChain":false,"userInfo":{"com.animaapp.stc-sketch-plugin":{"kModelPropertiesKey":{}}},"style":{"_class":"style","do_objectID":"98CA7258-34BB-4DBB-BA2F-5B3B8550DA2D","contextSettings":{"_class":"graphicsContextSettings","do_objectID":"FC01F60E-19BA-4C1F-94E4-36E49263FB5E","blendMode":0,"opacity":0.1000000014901161},"endMarkerType":0,"fills":[{"_class":"fill","isEnabled":true,"color":{"_class":"color","alpha":1,"blue":0.8509803921568627,"green":0.4666666666666666,"red":0.5294117647058824},"fillType":0,"noiseIndex":0,"noiseIntensity":0,"patternFillType":0,"patternTileScale":1}],"miterLimit":10,"startMarkerType":0,"windingRule":1},"hasClickThrough":false,"layers":[{"_class":"rectangle","do_objectID":"B7884741-8466-4211-A4FD-6F28D7B05441","booleanOperation":-1,"exportOptions":{"_class":"exportOptions","do_objectID":"AB028B93-1123-4BC6-B80A-D8F3EEA7B834","exportFormats":[],"includedLayerIds":[],"layerOptions":0,"shouldTrim":false},"frame":{"_class":"rect","do_objectID":"0D147581-F9B9-4ABA-BB71-D9D276E8C670","constrainProportions":false,"height":28,"width":959,"x":0,"y":0},"isFixedToViewport":false,"isFlippedHorizontal":false,"isFlippedVertical":false,"isLocked":false,"isVisible":true,"layerListExpandedType":0,"name":"Path","nameIsFixed":false,"resizingConstraint":63,"resizingType":0,"rotation":0,"shouldBreakMaskChain":false,"edited":false,"isClosed":true,"pointRadiusBehaviour":0,"points":[{"_class":"curvePoint","cornerRadius":0,"curveFrom":"{0, 0}","curveMode":1,"curveTo":"{0, 0}","hasCurveFrom":false,"hasCurveTo":false,"point":"{0, 0}"},{"_class":"curvePoint","cornerRadius":0,"curveFrom":"{1, 0}","curveMode":1,"curveTo":"{1, 0}","hasCurveFrom":false,"hasCurveTo":false,"point":"{1, 0}"},{"_class":"curvePoint","cornerRadius":0,"curveFrom":"{1, 1}","curveMode":1,"curveTo":"{1, 1}","hasCurveFrom":false,"hasCurveTo":false,"point":"{1, 1}"},{"_class":"curvePoint","cornerRadius":0,"curveFrom":"{0, 1}","curveMode":1,"curveTo":"{0, 1}","hasCurveFrom":false,"hasCurveTo":false,"point":"{0, 1}"}],"fixedRadius":0,"hasConvertedToNewRoundCorners":true}],"clippingMaskMode":0,"hasClippingMask":false,"windingRule":1}]},{"_class":"group","do_objectID":"2820C4BF-4524-4B6B-93ED-15219C6B379F","booleanOperation":-1,"exportOptions":{"_class":"exportOptions","exportFormats":[],"includedLayerIds":[],"layerOptions":0,"shouldTrim":false},"frame":{"_class":"rect","constrainProportions":false,"height":50,"width":959,"x":0,"y":203},"isFixedToViewport":false,"isFlippedHorizontal":false,"isFlippedVertical":false,"isLocked":false,"isVisible":true,"layerListExpandedType":0,"name":"h400","nameIsFixed":true,"resizingConstraint":63,"resizingType":0,"rotation":0,"shouldBreakMaskChain":false,"style":{"_class":"style","endMarkerType":0,"miterLimit":10,"startMarkerType":0,"windingRule":1},"hasClickThrough":false,"layers":[{"_class":"text","do_objectID":"52DA4DD0-004D-4A23-814D-BD7376FB32DD","booleanOperation":0,"exportOptions":{"_class":"exportOptions","do_objectID":"3C5FF76A-975E-4ACD-8FEC-1A6E21CB86DB","exportFormats":[],"includedLayerIds":[],"layerOptions":0,"shouldTrim":false},"frame":{"_class":"rect","do_objectID":"F001502E-6A02-45CB-8902-1EC0D78BC3F7","constrainProportions":false,"height":24,"width":320,"x":137,"y":26},"isFixedToViewport":false,"isFlippedHorizontal":false,"isFlippedVertical":false,"isLocked":false,"isVisible":true,"layerListExpandedType":0,"name":"Trust through data a","nameIsFixed":false,"resizingConstraint":47,"resizingType":0,"rotation":0,"shouldBreakMaskChain":false,"userInfo":{"com.animaapp.stc-sketch-plugin":{"kModelPropertiesKey":{"isAutoWidth":1}}},"style":{"_class":"style","do_objectID":"49892F9C-7D28-4080-A4C8-EA8D6CF70D59","endMarkerType":0,"miterLimit":10,"sharedObjectID":"574DE80A-1501-4CBB-A9B0-B36059CF4002","startMarkerType":0,"textStyle":{"_class":"textStyle","encodedAttributes":{"MSAttributedStringColorAttribute":{"_class":"color","alpha":1,"blue":0,"green":0,"red":0},"MSAttributedStringFontAttribute":{"_class":"fontDescriptor","attributes":{"name":"AvenirNext-Medium","size":20}},"paragraphStyle":{"_class":"paragraphStyle","alignment":0,"maximumLineHeight":24,"minimumLineHeight":24,"allowsDefaultTighteningForTruncation":0},"kerning":0},"verticalAlignment":0},"windingRule":1},"attributedString":{"_class":"attributedString","string":"Trust through data and technology","attributes":[{"_class":"stringAttribute","location":0,"length":33,"attributes":{"MSAttributedStringFontAttribute":{"_class":"fontDescriptor","attributes":{"name":"AvenirNext-Medium","size":20}},"MSAttributedStringColorAttribute":{"_class":"color","alpha":1,"blue":0,"green":0,"red":0},"paragraphStyle":{"_class":"paragraphStyle","alignment":0,"maximumLineHeight":24,"minimumLineHeight":24,"allowsDefaultTighteningForTruncation":0},"kerning":0}}]},"automaticallyDrawOnUnderlyingPath":false,"dontSynchroniseWithSymbol":false,"glyphBounds":"{{0, 2}, {319, 21}}","lineSpacingBehaviour":2,"textBehaviour":0},{"_class":"text","do_objectID":"07D6A6FB-257B-4818-B14B-86D0FADF7B91","booleanOperation":0,"exportOptions":{"_class":"exportOptions","do_objectID":"43D84FEA-DD47-4E59-AA09-95FAE8A0CF9E","exportFormats":[],"includedLayerIds":[],"layerOptions":0,"shouldTrim":false},"frame":{"_class":"rect","do_objectID":"14F77C15-A4A2-4D7D-9563-0F9FABA22E38","constrainProportions":false,"height":24,"width":51,"x":0,"y":26},"isFixedToViewport":false,"isFlippedHorizontal":false,"isFlippedVertical":false,"isLocked":false,"isVisible":true,"layerListExpandedType":0,"name":"H400","nameIsFixed":false,"resizingConstraint":47,"resizingType":0,"rotation":0,"shouldBreakMaskChain":false,"userInfo":{"com.animaapp.stc-sketch-plugin":{"kModelPropertiesKey":{"isAutoWidth":1}}},"style":{"_class":"style","do_objectID":"5FBACECE-D0A7-4CF1-B3F6-780E907C52E3","endMarkerType":0,"miterLimit":10,"sharedObjectID":"574DE80A-1501-4CBB-A9B0-B36059CF4002","startMarkerType":0,"textStyle":{"_class":"textStyle","encodedAttributes":{"MSAttributedStringColorAttribute":{"_class":"color","alpha":1,"blue":0,"green":0,"red":0},"MSAttributedStringFontAttribute":{"_class":"fontDescriptor","attributes":{"name":"AvenirNext-Medium","size":20}},"paragraphStyle":{"_class":"paragraphStyle","alignment":0,"maximumLineHeight":24,"minimumLineHeight":24,"allowsDefaultTighteningForTruncation":0},"kerning":0},"verticalAlignment":0},"windingRule":1},"attributedString":{"_class":"attributedString","string":"H400","attributes":[{"_class":"stringAttribute","location":0,"length":4,"attributes":{"MSAttributedStringFontAttribute":{"_class":"fontDescriptor","attributes":{"name":"AvenirNext-Medium","size":20}},"MSAttributedStringColorAttribute":{"_class":"color","alpha":1,"blue":0,"green":0,"red":0},"paragraphStyle":{"_class":"paragraphStyle","alignment":0,"maximumLineHeight":24,"minimumLineHeight":24,"allowsDefaultTighteningForTruncation":0},"kerning":0}}]},"automaticallyDrawOnUnderlyingPath":false,"dontSynchroniseWithSymbol":false,"glyphBounds":"{{1, 3}, {49, 16}}","lineSpacingBehaviour":2,"textBehaviour":0},{"_class":"shapeGroup","do_objectID":"5EBCE84A-361D-4C7D-956C-4A140323AF1F","booleanOperation":0,"exportOptions":{"_class":"exportOptions","do_objectID":"DC383C46-CD46-4B8F-8E12-F763C0564AE8","exportFormats":[],"includedLayerIds":[],"layerOptions":0,"shouldTrim":false},"frame":{"_class":"rect","do_objectID":"7CA89913-431C-4528-93C2-9198BA631A9F","constrainProportions":false,"height":26,"width":959,"x":0,"y":0},"isFixedToViewport":false,"isFlippedHorizontal":false,"isFlippedVertical":false,"isLocked":false,"isVisible":true,"layerListExpandedType":1,"name":"margin-top","nameIsFixed":true,"resizingConstraint":63,"resizingType":0,"rotation":0,"shouldBreakMaskChain":false,"userInfo":{"com.animaapp.stc-sketch-plugin":{"kModelPropertiesKey":{}}},"style":{"_class":"style","do_objectID":"DFF76D1A-F454-457B-A76A-3C2364EA1B2B","contextSettings":{"_class":"graphicsContextSettings","do_objectID":"835AF65F-51A1-4F5D-B3AD-A27429EE16ED","blendMode":0,"opacity":0.1000000014901161},"endMarkerType":0,"fills":[{"_class":"fill","isEnabled":true,"color":{"_class":"color","alpha":1,"blue":0.8509803921568627,"green":0.4666666666666666,"red":0.5294117647058824},"fillType":0,"noiseIndex":0,"noiseIntensity":0,"patternFillType":0,"patternTileScale":1}],"miterLimit":10,"startMarkerType":0,"windingRule":1},"hasClickThrough":false,"layers":[{"_class":"rectangle","do_objectID":"F831CB95-CE8E-43A7-8322-CA62E14131A3","booleanOperation":-1,"exportOptions":{"_class":"exportOptions","do_objectID":"7FCFFEE1-CF84-4BD6-A740-3F743D137BE2","exportFormats":[],"includedLayerIds":[],"layerOptions":0,"shouldTrim":false},"frame":{"_class":"rect","do_objectID":"6719475B-B3B1-4F05-A1BB-6DECEC13EB1B","constrainProportions":false,"height":26,"width":959,"x":0,"y":0},"isFixedToViewport":false,"isFlippedHorizontal":false,"isFlippedVertical":false,"isLocked":false,"isVisible":true,"layerListExpandedType":0,"name":"Path","nameIsFixed":false,"resizingConstraint":63,"resizingType":0,"rotation":0,"shouldBreakMaskChain":false,"edited":false,"isClosed":true,"pointRadiusBehaviour":0,"points":[{"_class":"curvePoint","cornerRadius":0,"curveFrom":"{0, 0}","curveMode":1,"curveTo":"{0, 0}","hasCurveFrom":false,"hasCurveTo":false,"point":"{0, 0}"},{"_class":"curvePoint","cornerRadius":0,"curveFrom":"{1, 0}","curveMode":1,"curveTo":"{1, 0}","hasCurveFrom":false,"hasCurveTo":false,"point":"{1, 0}"},{"_class":"curvePoint","cornerRadius":0,"curveFrom":"{1, 1}","curveMode":1,"curveTo":"{1, 1}","hasCurveFrom":false,"hasCurveTo":false,"point":"{1, 1}"},{"_class":"curvePoint","cornerRadius":0,"curveFrom":"{0, 1}","curveMode":1,"curveTo":"{0, 1}","hasCurveFrom":false,"hasCurveTo":false,"point":"{0, 1}"}],"fixedRadius":0,"hasConvertedToNewRoundCorners":true}],"clippingMaskMode":0,"hasClippingMask":false,"windingRule":1}]},{"_class":"group","do_objectID":"AF4FDF6E-68F4-4C7C-8428-3D79FDA88B4F","booleanOperation":-1,"exportOptions":{"_class":"exportOptions","exportFormats":[],"includedLayerIds":[],"layerOptions":0,"shouldTrim":false},"frame":{"_class":"rect","constrainProportions":false,"height":40,"width":959,"x":0,"y":253},"isFixedToViewport":false,"isFlippedHorizontal":false,"isFlippedVertical":false,"isLocked":false,"isVisible":true,"layerListExpandedType":1,"name":"h500","nameIsFixed":true,"resizingConstraint":63,"resizingType":0,"rotation":0,"shouldBreakMaskChain":false,"style":{"_class":"style","endMarkerType":0,"miterLimit":10,"startMarkerType":0,"windingRule":1},"hasClickThrough":false,"layers":[{"_class":"text","do_objectID":"28E95FA3-C170-41B4-BBA9-2AD077EB91A4","booleanOperation":0,"exportOptions":{"_class":"exportOptions","do_objectID":"1E56CE18-A40C-4952-A00C-4240B8BFA0B6","exportFormats":[],"includedLayerIds":[],"layerOptions":0,"shouldTrim":false},"frame":{"_class":"rect","do_objectID":"0179BD4C-A06D-4981-BA26-1E44C7EE9493","constrainProportions":false,"height":24,"width":257,"x":137,"y":16},"isFixedToViewport":false,"isFlippedHorizontal":false,"isFlippedVertical":false,"isLocked":false,"isVisible":true,"layerListExpandedType":0,"name":"Trust through data a","nameIsFixed":false,"resizingConstraint":47,"resizingType":0,"rotation":0,"shouldBreakMaskChain":false,"userInfo":{"com.animaapp.stc-sketch-plugin":{"kModelPropertiesKey":{"isAutoWidth":1}}},"style":{"_class":"style","do_objectID":"B81CF5BC-A8FF-4373-99E8-4B94DA005CEC","endMarkerType":0,"miterLimit":10,"sharedObjectID":"68243AF8-1CF4-467A-AC86-F41C99B1C245","startMarkerType":0,"textStyle":{"_class":"textStyle","encodedAttributes":{"MSAttributedStringColorAttribute":{"_class":"color","alpha":1,"blue":0.302,"green":0.169,"red":0.09},"MSAttributedStringFontAttribute":{"_class":"fontDescriptor","attributes":{"name":"AvenirNext-DemiBold","size":16}},"paragraphStyle":{"_class":"paragraphStyle","alignment":0,"maximumLineHeight":24,"minimumLineHeight":24,"allowsDefaultTighteningForTruncation":0},"kerning":0},"verticalAlignment":0},"windingRule":1},"attributedString":{"_class":"attributedString","string":"Trust through data and technology","attributes":[{"_class":"stringAttribute","location":0,"length":33,"attributes":{"MSAttributedStringFontAttribute":{"_class":"fontDescriptor","attributes":{"name":"AvenirNext-DemiBold","size":16}},"MSAttributedStringColorAttribute":{"_class":"color","alpha":1,"blue":0.302,"green":0.169,"red":0.09},"paragraphStyle":{"_class":"paragraphStyle","alignment":0,"maximumLineHeight":24,"minimumLineHeight":24,"allowsDefaultTighteningForTruncation":0},"kerning":0}}]},"automaticallyDrawOnUnderlyingPath":false,"dontSynchroniseWithSymbol":false,"glyphBounds":"{{0, 4}, {257, 17}}","lineSpacingBehaviour":2,"textBehaviour":0},{"_class":"text","do_objectID":"E0EE3740-97C4-4782-93DC-79B60A5EDF6B","booleanOperation":0,"exportOptions":{"_class":"exportOptions","do_objectID":"9F3A20A6-4B31-4DEF-9B72-0DCFF49468CC","exportFormats":[],"includedLayerIds":[],"layerOptions":0,"shouldTrim":false},"frame":{"_class":"rect","do_objectID":"27AD9EBA-1BE2-405F-8D8C-82BE8FBE2F74","constrainProportions":false,"height":24,"width":42,"x":0,"y":16},"isFixedToViewport":false,"isFlippedHorizontal":false,"isFlippedVertical":false,"isLocked":false,"isVisible":true,"layerListExpandedType":0,"name":"H500","nameIsFixed":false,"resizingConstraint":47,"resizingType":0,"rotation":0,"shouldBreakMaskChain":false,"userInfo":{"com.animaapp.stc-sketch-plugin":{"kModelPropertiesKey":{"isAutoWidth":1}}},"style":{"_class":"style","do_objectID":"11D4B3EA-F556-4EEB-83D7-64B2776B90C3","endMarkerType":0,"miterLimit":10,"sharedObjectID":"68243AF8-1CF4-467A-AC86-F41C99B1C245","startMarkerType":0,"textStyle":{"_class":"textStyle","encodedAttributes":{"MSAttributedStringColorAttribute":{"_class":"color","alpha":1,"blue":0.302,"green":0.169,"red":0.09},"MSAttributedStringFontAttribute":{"_class":"fontDescriptor","attributes":{"name":"AvenirNext-DemiBold","size":16}},"paragraphStyle":{"_class":"paragraphStyle","alignment":0,"maximumLineHeight":24,"minimumLineHeight":24,"allowsDefaultTighteningForTruncation":0},"kerning":0},"verticalAlignment":0},"windingRule":1},"attributedString":{"_class":"attributedString","string":"H500","attributes":[{"_class":"stringAttribute","location":0,"length":4,"attributes":{"MSAttributedStringFontAttribute":{"_class":"fontDescriptor","attributes":{"name":"AvenirNext-DemiBold","size":16}},"MSAttributedStringColorAttribute":{"_class":"color","alpha":1,"blue":0.302,"green":0.169,"red":0.09},"paragraphStyle":{"_class":"paragraphStyle","alignment":0,"maximumLineHeight":24,"minimumLineHeight":24,"allowsDefaultTighteningForTruncation":0},"kerning":0}}]},"automaticallyDrawOnUnderlyingPath":false,"dontSynchroniseWithSymbol":false,"glyphBounds":"{{1, 5}, {40, 13}}","lineSpacingBehaviour":2,"textBehaviour":0},{"_class":"shapeGroup","do_objectID":"270E82F5-A9EA-4A88-83FA-655668E31A90","booleanOperation":0,"exportOptions":{"_class":"exportOptions","do_objectID":"134C4E30-8E81-4357-8652-E0AFC0C154F0","exportFormats":[],"includedLayerIds":[],"layerOptions":0,"shouldTrim":false},"frame":{"_class":"rect","do_objectID":"21827595-23F4-4EC1-B3DE-B33DA741C2ED","constrainProportions":false,"height":16,"width":959,"x":0,"y":0},"isFixedToViewport":false,"isFlippedHorizontal":false,"isFlippedVertical":false,"isLocked":false,"isVisible":true,"layerListExpandedType":1,"name":"margin-top","nameIsFixed":true,"resizingConstraint":63,"resizingType":0,"rotation":0,"shouldBreakMaskChain":false,"userInfo":{"com.animaapp.stc-sketch-plugin":{"kModelPropertiesKey":{}}},"style":{"_class":"style","do_objectID":"D005E9D4-D1C5-4681-872B-DF5CBCEDB34E","contextSettings":{"_class":"graphicsContextSettings","do_objectID":"155B003F-6B11-45DC-A6CE-6D648F6ABE60","blendMode":0,"opacity":0.1000000014901161},"endMarkerType":0,"fills":[{"_class":"fill","isEnabled":true,"color":{"_class":"color","alpha":1,"blue":0.8509803921568627,"green":0.4666666666666666,"red":0.5294117647058824},"fillType":0,"noiseIndex":0,"noiseIntensity":0,"patternFillType":0,"patternTileScale":1}],"miterLimit":10,"startMarkerType":0,"windingRule":1},"hasClickThrough":false,"layers":[{"_class":"rectangle","do_objectID":"27CD1343-6140-4B91-80F8-E78A8A7DCC4E","booleanOperation":-1,"exportOptions":{"_class":"exportOptions","do_objectID":"6E6E139C-6335-4098-B5AA-D4603389F8A4","exportFormats":[],"includedLayerIds":[],"layerOptions":0,"shouldTrim":false},"frame":{"_class":"rect","do_objectID":"7B8CC8E2-2B44-406D-92BB-3A588300C53D","constrainProportions":false,"height":16,"width":959,"x":0,"y":0},"isFixedToViewport":false,"isFlippedHorizontal":false,"isFlippedVertical":false,"isLocked":false,"isVisible":true,"layerListExpandedType":0,"name":"Path","nameIsFixed":false,"resizingConstraint":63,"resizingType":0,"rotation":0,"shouldBreakMaskChain":false,"edited":false,"isClosed":true,"pointRadiusBehaviour":0,"points":[{"_class":"curvePoint","cornerRadius":0,"curveFrom":"{0, 0}","curveMode":1,"curveTo":"{0, 0}","hasCurveFrom":false,"hasCurveTo":false,"point":"{0, 0}"},{"_class":"curvePoint","cornerRadius":0,"curveFrom":"{1, 0}","curveMode":1,"curveTo":"{1, 0}","hasCurveFrom":false,"hasCurveTo":false,"point":"{1, 0}"},{"_class":"curvePoint","cornerRadius":0,"curveFrom":"{1, 1}","curveMode":1,"curveTo":"{1, 1}","hasCurveFrom":false,"hasCurveTo":false,"point":"{1, 1}"},{"_class":"curvePoint","cornerRadius":0,"curveFrom":"{0, 1}","curveMode":1,"curveTo":"{0, 1}","hasCurveFrom":false,"hasCurveTo":false,"point":"{0, 1}"}],"fixedRadius":0,"hasConvertedToNewRoundCorners":true}],"clippingMaskMode":0,"hasClippingMask":false,"windingRule":1}]},{"_class":"group","do_objectID":"B18ED31F-EE6E-4584-9F64-EDD9F32403B3","booleanOperation":-1,"exportOptions":{"_class":"exportOptions","exportFormats":[],"includedLayerIds":[],"layerOptions":0,"shouldTrim":false},"frame":{"_class":"rect","constrainProportions":false,"height":28,"width":959,"x":0,"y":293},"isFixedToViewport":false,"isFlippedHorizontal":false,"isFlippedVertical":false,"isLocked":false,"isVisible":true,"layerListExpandedType":0,"name":"h600","nameIsFixed":true,"resizingConstraint":63,"resizingType":0,"rotation":0,"shouldBreakMaskChain":false,"style":{"_class":"style","endMarkerType":0,"miterLimit":10,"startMarkerType":0,"windingRule":1},"hasClickThrough":false,"layers":[{"_class":"text","do_objectID":"2CC09BE8-DFFF-40F2-831F-AA1D058340CA","booleanOperation":0,"exportOptions":{"_class":"exportOptions","do_objectID":"944B1D74-E15E-496D-A5A1-65B8417A7463","exportFormats":[],"includedLayerIds":[],"layerOptions":0,"shouldTrim":false},"frame":{"_class":"rect","do_objectID":"094CE247-9F75-42C8-80C2-C59B4A70296A","constrainProportions":false,"height":16,"width":258,"x":137,"y":12},"isFixedToViewport":false,"isFlippedHorizontal":false,"isFlippedVertical":false,"isLocked":false,"isVisible":true,"layerListExpandedType":0,"name":"Trust through data a","nameIsFixed":false,"resizingConstraint":47,"resizingType":0,"rotation":0,"shouldBreakMaskChain":false,"userInfo":{"com.animaapp.stc-sketch-plugin":{"kModelPropertiesKey":{"isAutoWidth":1}}},"style":{"_class":"style","do_objectID":"C398B6B8-CB96-4BCA-81CD-55F3B4534A3B","endMarkerType":0,"miterLimit":10,"sharedObjectID":"790DC1AF-0EEE-4934-9BB8-433A98E041FB","startMarkerType":0,"textStyle":{"_class":"textStyle","encodedAttributes":{"MSAttributedStringColorAttribute":{"_class":"color","alpha":1,"blue":0.3019607843,"green":0.168627451,"red":0.09019607843000001},"MSAttributedStringFontAttribute":{"_class":"fontDescriptor","attributes":{"name":"AvenirNext-Bold","size":12}},"MSAttributedStringTextTransformAttribute":1,"paragraphStyle":{"_class":"paragraphStyle","maximumLineHeight":16,"minimumLineHeight":16},"kerning":0},"verticalAlignment":0},"windingRule":1},"attributedString":{"_class":"attributedString","string":"Trust through data and technology","attributes":[{"_class":"stringAttribute","location":0,"length":33,"attributes":{"MSAttributedStringFontAttribute":{"_class":"fontDescriptor","attributes":{"name":"AvenirNext-Bold","size":12}},"MSAttributedStringColorAttribute":{"_class":"color","alpha":1,"blue":0.3019607843,"green":0.168627451,"red":0.09019607843000001},"kerning":0,"MSAttributedStringTextTransformAttribute":1,"paragraphStyle":{"_class":"paragraphStyle","maximumLineHeight":16,"minimumLineHeight":16}}}]},"automaticallyDrawOnUnderlyingPath":false,"dontSynchroniseWithSymbol":false,"glyphBounds":"{{0, 3}, {259, 10}}","lineSpacingBehaviour":2,"textBehaviour":0},{"_class":"text","do_objectID":"DCDC096E-45A0-4CF7-B88D-D744FFDF8B21","booleanOperation":0,"exportOptions":{"_class":"exportOptions","do_objectID":"5390A698-9C5A-4989-BE47-CB87F6DADCCA","exportFormats":[],"includedLayerIds":[],"layerOptions":0,"shouldTrim":false},"frame":{"_class":"rect","do_objectID":"F2F99E9D-0A9E-4BB6-B162-EEEFCBFE8FC0","constrainProportions":false,"height":16,"width":33,"x":0,"y":12},"isFixedToViewport":false,"isFlippedHorizontal":false,"isFlippedVertical":false,"isLocked":false,"isVisible":true,"layerListExpandedType":0,"name":"H600","nameIsFixed":false,"resizingConstraint":47,"resizingType":0,"rotation":0,"shouldBreakMaskChain":false,"userInfo":{"com.animaapp.stc-sketch-plugin":{"kModelPropertiesKey":{"isAutoWidth":1}}},"style":{"_class":"style","do_objectID":"32DD884E-A0CE-47F3-819E-82C3E4B91535","endMarkerType":0,"miterLimit":10,"sharedObjectID":"790DC1AF-0EEE-4934-9BB8-433A98E041FB","startMarkerType":0,"textStyle":{"_class":"textStyle","encodedAttributes":{"MSAttributedStringColorAttribute":{"_class":"color","alpha":1,"blue":0.3019607843,"green":0.168627451,"red":0.09019607843000001},"MSAttributedStringFontAttribute":{"_class":"fontDescriptor","attributes":{"name":"AvenirNext-Bold","size":12}},"MSAttributedStringTextTransformAttribute":1,"paragraphStyle":{"_class":"paragraphStyle","maximumLineHeight":16,"minimumLineHeight":16},"kerning":0},"verticalAlignment":0},"windingRule":1},"attributedString":{"_class":"attributedString","string":"H600","attributes":[{"_class":"stringAttribute","location":0,"length":4,"attributes":{"MSAttributedStringFontAttribute":{"_class":"fontDescriptor","attributes":{"name":"AvenirNext-Bold","size":12}},"MSAttributedStringColorAttribute":{"_class":"color","alpha":1,"blue":0.3019607843,"green":0.168627451,"red":0.09019607843000001},"kerning":0,"MSAttributedStringTextTransformAttribute":1,"paragraphStyle":{"_class":"paragraphStyle","maximumLineHeight":16,"minimumLineHeight":16}}}]},"automaticallyDrawOnUnderlyingPath":false,"dontSynchroniseWithSymbol":false,"glyphBounds":"{{0, 3}, {32, 10}}","lineSpacingBehaviour":2,"textBehaviour":0},{"_class":"shapeGroup","do_objectID":"44902704-FDF6-46AB-9CA8-8E18EF93FC18","booleanOperation":0,"exportOptions":{"_class":"exportOptions","do_objectID":"4AAF823A-061F-4E79-AF97-E9AFAF659822","exportFormats":[],"includedLayerIds":[],"layerOptions":0,"shouldTrim":false},"frame":{"_class":"rect","do_objectID":"78D4BFA9-8360-41C0-8AFF-057BF81099AA","constrainProportions":false,"height":12,"width":959,"x":0,"y":0},"isFixedToViewport":false,"isFlippedHorizontal":false,"isFlippedVertical":false,"isLocked":false,"isVisible":true,"layerListExpandedType":1,"name":"margin-top","nameIsFixed":true,"resizingConstraint":63,"resizingType":0,"rotation":0,"shouldBreakMaskChain":false,"userInfo":{"com.animaapp.stc-sketch-plugin":{"kModelPropertiesKey":{}}},"style":{"_class":"style","do_objectID":"9FF66A42-FCC9-4DFD-A397-74D1590DFC8A","contextSettings":{"_class":"graphicsContextSettings","do_objectID":"9177A221-84BC-4FA5-9D7B-03D4B00F8264","blendMode":0,"opacity":0.1000000014901161},"endMarkerType":0,"fills":[{"_class":"fill","isEnabled":true,"color":{"_class":"color","alpha":1,"blue":0.8509803921568627,"green":0.4666666666666666,"red":0.5294117647058824},"fillType":0,"noiseIndex":0,"noiseIntensity":0,"patternFillType":0,"patternTileScale":1}],"miterLimit":10,"startMarkerType":0,"windingRule":1},"hasClickThrough":false,"layers":[{"_class":"rectangle","do_objectID":"A07898ED-EBA2-454F-9295-18AF8A9FEE93","booleanOperation":-1,"exportOptions":{"_class":"exportOptions","do_objectID":"01332AB6-E70E-48C7-8631-6FA1511314E2","exportFormats":[],"includedLayerIds":[],"layerOptions":0,"shouldTrim":false},"frame":{"_class":"rect","do_objectID":"AE4CB8E0-3C95-492F-A663-827E81191C65","constrainProportions":false,"height":12,"width":959,"x":0,"y":0},"isFixedToViewport":false,"isFlippedHorizontal":false,"isFlippedVertical":false,"isLocked":false,"isVisible":true,"layerListExpandedType":0,"name":"Path","nameIsFixed":false,"resizingConstraint":63,"resizingType":0,"rotation":0,"shouldBreakMaskChain":false,"edited":false,"isClosed":true,"pointRadiusBehaviour":0,"points":[{"_class":"curvePoint","cornerRadius":0,"curveFrom":"{0, 0}","curveMode":1,"curveTo":"{0, 0}","hasCurveFrom":false,"hasCurveTo":false,"point":"{0, 0}"},{"_class":"curvePoint","cornerRadius":0,"curveFrom":"{1, 0}","curveMode":1,"curveTo":"{1, 0}","hasCurveFrom":false,"hasCurveTo":false,"point":"{1, 0}"},{"_class":"curvePoint","cornerRadius":0,"curveFrom":"{1, 1}","curveMode":1,"curveTo":"{1, 1}","hasCurveFrom":false,"hasCurveTo":false,"point":"{1, 1}"},{"_class":"curvePoint","cornerRadius":0,"curveFrom":"{0, 1}","curveMode":1,"curveTo":"{0, 1}","hasCurveFrom":false,"hasCurveTo":false,"point":"{0, 1}"}],"fixedRadius":0,"hasConvertedToNewRoundCorners":true}],"clippingMaskMode":0,"hasClippingMask":false,"windingRule":1}]},{"_class":"group","do_objectID":"39C709BE-F639-4178-9CA6-3F53CFAB8A84","booleanOperation":-1,"exportOptions":{"_class":"exportOptions","exportFormats":[],"includedLayerIds":[],"layerOptions":0,"shouldTrim":false},"frame":{"_class":"rect","constrainProportions":false,"height":164,"width":959,"x":0,"y":321},"isFixedToViewport":false,"isFlippedHorizontal":false,"isFlippedVertical":false,"isLocked":false,"isVisible":true,"layerListExpandedType":0,"name":"paragraph","nameIsFixed":true,"resizingConstraint":63,"resizingType":0,"rotation":0,"shouldBreakMaskChain":false,"style":{"_class":"style","endMarkerType":0,"miterLimit":10,"startMarkerType":0,"windingRule":1},"hasClickThrough":false,"layers":[{"_class":"text","do_objectID":"35B2493C-1A9E-4E89-B827-2A3DD9714737","booleanOperation":0,"exportOptions":{"_class":"exportOptions","do_objectID":"7EE48009-D5B7-41FB-A4A9-F4872FCAE999","exportFormats":[],"includedLayerIds":[],"layerOptions":0,"shouldTrim":false},"frame":{"_class":"rect","do_objectID":"2095B5F6-C670-4B6D-A02E-3F5314DD45A9","constrainProportions":false,"height":152,"width":463,"x":137,"y":12},"isFixedToViewport":false,"isFlippedHorizontal":false,"isFlippedVertical":false,"isLocked":false,"isVisible":true,"layerListExpandedType":0,"name":"Our technology empow","nameIsFixed":false,"resizingConstraint":47,"resizingType":0,"rotation":0,"shouldBreakMaskChain":false,"userInfo":{"com.animaapp.stc-sketch-plugin":{"kModelPropertiesKey":{"isAutoWidth":1}}},"style":{"_class":"style","do_objectID":"7AD58D74-2C67-4C97-BDD5-A58DA7700336","endMarkerType":0,"miterLimit":10,"sharedObjectID":"ABEB775C-3684-45A4-98F5-D631CED8C4D2","startMarkerType":0,"textStyle":{"_class":"textStyle","encodedAttributes":{"MSAttributedStringColorAttribute":{"_class":"color","alpha":1,"blue":0.55,"green":0.4664,"red":0.418},"MSAttributedStringFontAttribute":{"_class":"fontDescriptor","attributes":{"name":"AvenirNext-Regular","size":14}},"paragraphStyle":{"_class":"paragraphStyle","alignment":0,"maximumLineHeight":20,"minimumLineHeight":20,"paragraphSpacing":12,"allowsDefaultTighteningForTruncation":0},"kerning":0},"verticalAlignment":0},"windingRule":1},"attributedString":{"_class":"attributedString","string":"Our technology empowers SMB and enterprise businesses with compliant, scalable and secure identity verification, which enables them to build and sustain trust in an unsafe digital world. We reduce fraud while providing a frictionless, on-demand customer experience.\nOur mission is to solve the lack of trust and credibility in the digital age with our identity verification, document authentication and KYC\/AML solutions.","attributes":[{"_class":"stringAttribute","location":0,"length":421,"attributes":{"MSAttributedStringFontAttribute":{"_class":"fontDescriptor","attributes":{"name":"AvenirNext-Regular","size":14}},"MSAttributedStringColorAttribute":{"_class":"color","alpha":1,"blue":0.55,"green":0.4664,"red":0.418},"paragraphStyle":{"_class":"paragraphStyle","alignment":0,"maximumLineHeight":20,"minimumLineHeight":20,"paragraphSpacing":12,"allowsDefaultTighteningForTruncation":0},"kerning":0}}]},"automaticallyDrawOnUnderlyingPath":false,"dontSynchroniseWithSymbol":false,"glyphBounds":"{{0, 3}, {456, 144}}","lineSpacingBehaviour":2,"textBehaviour":1},{"_class":"text","do_objectID":"9DC25D46-775B-4493-B925-79974B23915C","booleanOperation":0,"exportOptions":{"_class":"exportOptions","do_objectID":"8C1BA0BF-7047-4680-A41E-EDE74EC59DD8","exportFormats":[],"includedLayerIds":[],"layerOptions":0,"shouldTrim":false},"frame":{"_class":"rect","do_objectID":"48E5C64F-289D-4C66-B530-4A81689DE73B","constrainProportions":false,"height":20,"width":67,"x":0,"y":12},"isFixedToViewport":false,"isFlippedHorizontal":false,"isFlippedVertical":false,"isLocked":false,"isVisible":true,"layerListExpandedType":0,"name":"Paragraph","nameIsFixed":false,"resizingConstraint":47,"resizingType":0,"rotation":0,"shouldBreakMaskChain":false,"userInfo":{"com.animaapp.stc-sketch-plugin":{"kModelPropertiesKey":{"isAutoWidth":1}}},"style":{"_class":"style","do_objectID":"B93FDAA6-81DC-4C84-A187-1A2F1F479F7E","endMarkerType":0,"miterLimit":10,"sharedObjectID":"ABEB775C-3684-45A4-98F5-D631CED8C4D2","startMarkerType":0,"textStyle":{"_class":"textStyle","encodedAttributes":{"MSAttributedStringColorAttribute":{"_class":"color","alpha":1,"blue":0.55,"green":0.4664,"red":0.418},"MSAttributedStringFontAttribute":{"_class":"fontDescriptor","attributes":{"name":"AvenirNext-Regular","size":14}},"paragraphStyle":{"_class":"paragraphStyle","alignment":0,"maximumLineHeight":20,"minimumLineHeight":20,"allowsDefaultTighteningForTruncation":0},"kerning":0},"verticalAlignment":0},"windingRule":1},"attributedString":{"_class":"attributedString","string":"Paragraph","attributes":[{"_class":"stringAttribute","location":0,"length":9,"attributes":{"MSAttributedStringFontAttribute":{"_class":"fontDescriptor","attributes":{"name":"AvenirNext-Regular","size":14}},"MSAttributedStringColorAttribute":{"_class":"color","alpha":1,"blue":0.55,"green":0.4664,"red":0.418},"paragraphStyle":{"_class":"paragraphStyle","alignment":0,"maximumLineHeight":20,"minimumLineHeight":20,"allowsDefaultTighteningForTruncation":0},"kerning":0}}]},"automaticallyDrawOnUnderlyingPath":false,"dontSynchroniseWithSymbol":false,"glyphBounds":"{{1, 3}, {65, 15}}","lineSpacingBehaviour":2,"textBehaviour":0},{"_class":"shapeGroup","do_objectID":"6B5B76BD-BC87-42B7-895C-3F30CAEFCCBF","booleanOperation":0,"exportOptions":{"_class":"exportOptions","do_objectID":"5FACB5F0-340B-442A-941B-20580563E04D","exportFormats":[],"includedLayerIds":[],"layerOptions":0,"shouldTrim":false},"frame":{"_class":"rect","do_objectID":"F8D7FF67-5000-4602-832B-81ED0F224704","constrainProportions":false,"height":12,"width":959,"x":0,"y":0},"isFixedToViewport":false,"isFlippedHorizontal":false,"isFlippedVertical":false,"isLocked":false,"isVisible":true,"layerListExpandedType":1,"name":"margin-top","nameIsFixed":true,"resizingConstraint":63,"resizingType":0,"rotation":0,"shouldBreakMaskChain":false,"userInfo":{"com.animaapp.stc-sketch-plugin":{"kModelPropertiesKey":{}}},"style":{"_class":"style","do_objectID":"AC310B8A-323E-4F60-ADCC-08B444CE61D1","contextSettings":{"_class":"graphicsContextSettings","do_objectID":"0E3F34ED-CBDD-4183-AFDB-E5DE168051E8","blendMode":0,"opacity":0.1000000014901161},"endMarkerType":0,"fills":[{"_class":"fill","isEnabled":true,"color":{"_class":"color","alpha":1,"blue":0.8509803921568627,"green":0.4666666666666666,"red":0.5294117647058824},"fillType":0,"noiseIndex":0,"noiseIntensity":0,"patternFillType":0,"patternTileScale":1}],"miterLimit":10,"startMarkerType":0,"windingRule":1},"hasClickThrough":false,"layers":[{"_class":"rectangle","do_objectID":"7BA3E63B-1F97-4447-8951-46CE24F57640","booleanOperation":-1,"exportOptions":{"_class":"exportOptions","do_objectID":"67EA46DE-5621-47FC-94C9-1180E5D3C8C7","exportFormats":[],"includedLayerIds":[],"layerOptions":0,"shouldTrim":false},"frame":{"_class":"rect","do_objectID":"494D8844-1C14-4A7E-BCF2-4C38E27011AA","constrainProportions":false,"height":12,"width":959,"x":0,"y":0},"isFixedToViewport":false,"isFlippedHorizontal":false,"isFlippedVertical":false,"isLocked":false,"isVisible":true,"layerListExpandedType":0,"name":"Path","nameIsFixed":false,"resizingConstraint":63,"resizingType":0,"rotation":0,"shouldBreakMaskChain":false,"edited":false,"isClosed":true,"pointRadiusBehaviour":0,"points":[{"_class":"curvePoint","cornerRadius":0,"curveFrom":"{0, 0}","curveMode":1,"curveTo":"{0, 0}","hasCurveFrom":false,"hasCurveTo":false,"point":"{0, 0}"},{"_class":"curvePoint","cornerRadius":0,"curveFrom":"{1, 0}","curveMode":1,"curveTo":"{1, 0}","hasCurveFrom":false,"hasCurveTo":false,"point":"{1, 0}"},{"_class":"curvePoint","cornerRadius":0,"curveFrom":"{1, 1}","curveMode":1,"curveTo":"{1, 1}","hasCurveFrom":false,"hasCurveTo":false,"point":"{1, 1}"},{"_class":"curvePoint","cornerRadius":0,"curveFrom":"{0, 1}","curveMode":1,"curveTo":"{0, 1}","hasCurveFrom":false,"hasCurveTo":false,"point":"{0, 1}"}],"fixedRadius":0,"hasConvertedToNewRoundCorners":true}],"clippingMaskMode":0,"hasClippingMask":false,"windingRule":1}]},{"_class":"group","do_objectID":"90ED1216-299F-4CFC-A54C-FA439DD1D72E","booleanOperation":-1,"exportOptions":{"_class":"exportOptions","exportFormats":[],"includedLayerIds":[],"layerOptions":0,"shouldTrim":false},"frame":{"_class":"rect","constrainProportions":false,"height":36,"width":959,"x":0,"y":485},"isFixedToViewport":false,"isFlippedHorizontal":false,"isFlippedVertical":false,"isLocked":false,"isVisible":true,"layerListExpandedType":1,"name":"caption","nameIsFixed":true,"resizingConstraint":63,"resizingType":0,"rotation":0,"shouldBreakMaskChain":false,"style":{"_class":"style","endMarkerType":0,"miterLimit":10,"startMarkerType":0,"windingRule":1},"hasClickThrough":false,"layers":[{"_class":"text","do_objectID":"7A1F2A2E-47C1-4F17-BBC6-C912E95BF608","booleanOperation":0,"exportOptions":{"_class":"exportOptions","do_objectID":"6F430689-4409-4D34-B256-82AA01F24304","exportFormats":[],"includedLayerIds":[],"layerOptions":0,"shouldTrim":false},"frame":{"_class":"rect","do_objectID":"68A54BF7-B7FA-4766-8625-80606B97B953","constrainProportions":false,"height":16,"width":189,"x":137,"y":20},"isFixedToViewport":false,"isFlippedHorizontal":false,"isFlippedVertical":false,"isLocked":false,"isVisible":true,"layerListExpandedType":0,"name":"Trust though data an","nameIsFixed":false,"resizingConstraint":47,"resizingType":0,"rotation":0,"shouldBreakMaskChain":false,"userInfo":{"com.animaapp.stc-sketch-plugin":{"kModelPropertiesKey":{"isAutoWidth":1}}},"style":{"_class":"style","do_objectID":"D0DF4C75-EB6D-4467-A633-0D77042D676D","endMarkerType":0,"miterLimit":10,"sharedObjectID":"FA72CB12-7050-4F0A-9A09-9BF55FDEDEDD","startMarkerType":0,"textStyle":{"_class":"textStyle","encodedAttributes":{"MSAttributedStringColorAttribute":{"_class":"color","alpha":1,"blue":0.55,"green":0.4664,"red":0.418},"MSAttributedStringFontAttribute":{"_class":"fontDescriptor","attributes":{"name":"AvenirNext-DemiBold","size":12}},"paragraphStyle":{"_class":"paragraphStyle","maximumLineHeight":16,"minimumLineHeight":16},"kerning":0},"verticalAlignment":0},"windingRule":1},"attributedString":{"_class":"attributedString","string":"Trust though data and technology","attributes":[{"_class":"stringAttribute","location":0,"length":32,"attributes":{"MSAttributedStringFontAttribute":{"_class":"fontDescriptor","attributes":{"name":"AvenirNext-DemiBold","size":12}},"MSAttributedStringColorAttribute":{"_class":"color","alpha":1,"blue":0.55,"green":0.4664,"red":0.418},"paragraphStyle":{"_class":"paragraphStyle","maximumLineHeight":16,"minimumLineHeight":16},"kerning":0}}]},"automaticallyDrawOnUnderlyingPath":false,"dontSynchroniseWithSymbol":false,"glyphBounds":"{{0, 2}, {189, 13}}","lineSpacingBehaviour":2,"textBehaviour":0},{"_class":"text","do_objectID":"9B045901-845B-42B6-870B-D746042491D6","booleanOperation":0,"exportOptions":{"_class":"exportOptions","do_objectID":"2B5B1CFA-639E-4C70-A5F8-CF5D670AE7DF","exportFormats":[],"includedLayerIds":[],"layerOptions":0,"shouldTrim":false},"frame":{"_class":"rect","do_objectID":"56A9E9BC-C44A-4800-B83F-FC5A91339169","constrainProportions":false,"height":16,"width":45,"x":0,"y":20},"isFixedToViewport":false,"isFlippedHorizontal":false,"isFlippedVertical":false,"isLocked":false,"isVisible":true,"layerListExpandedType":0,"name":"Caption","nameIsFixed":false,"resizingConstraint":47,"resizingType":0,"rotation":0,"shouldBreakMaskChain":false,"userInfo":{"com.animaapp.stc-sketch-plugin":{"kModelPropertiesKey":{"isAutoWidth":1}}},"style":{"_class":"style","do_objectID":"7A6B9602-AFF9-4155-9995-1632C56AAB5A","endMarkerType":0,"miterLimit":10,"sharedObjectID":"FA72CB12-7050-4F0A-9A09-9BF55FDEDEDD","startMarkerType":0,"textStyle":{"_class":"textStyle","encodedAttributes":{"MSAttributedStringColorAttribute":{"_class":"color","alpha":1,"blue":0.55,"green":0.4664,"red":0.418},"MSAttributedStringFontAttribute":{"_class":"fontDescriptor","attributes":{"name":"AvenirNext-DemiBold","size":12}},"paragraphStyle":{"_class":"paragraphStyle","maximumLineHeight":16,"minimumLineHeight":16},"kerning":0},"verticalAlignment":0},"windingRule":1},"attributedString":{"_class":"attributedString","string":"Caption","attributes":[{"_class":"stringAttribute","location":0,"length":7,"attributes":{"MSAttributedStringFontAttribute":{"_class":"fontDescriptor","attributes":{"name":"AvenirNext-DemiBold","size":12}},"MSAttributedStringColorAttribute":{"_class":"color","alpha":1,"blue":0.55,"green":0.4664,"red":0.418},"paragraphStyle":{"_class":"paragraphStyle","maximumLineHeight":16,"minimumLineHeight":16},"kerning":0}}]},"automaticallyDrawOnUnderlyingPath":false,"dontSynchroniseWithSymbol":false,"glyphBounds":"{{0, 3}, {44, 12}}","lineSpacingBehaviour":2,"textBehaviour":0},{"_class":"shapeGroup","do_objectID":"46D27F1A-2535-4BBA-BD66-BF29166F0B63","booleanOperation":0,"exportOptions":{"_class":"exportOptions","do_objectID":"D9C34306-E03F-4A4A-9674-BB52885FD067","exportFormats":[],"includedLayerIds":[],"layerOptions":0,"shouldTrim":false},"frame":{"_class":"rect","do_objectID":"DEE9BC4D-C283-4289-8F78-FEC397F05DF9","constrainProportions":false,"height":20,"width":959,"x":0,"y":0},"isFixedToViewport":false,"isFlippedHorizontal":false,"isFlippedVertical":false,"isLocked":false,"isVisible":true,"layerListExpandedType":1,"name":"margin-top","nameIsFixed":true,"resizingConstraint":63,"resizingType":0,"rotation":0,"shouldBreakMaskChain":false,"userInfo":{"com.animaapp.stc-sketch-plugin":{"kModelPropertiesKey":{}}},"style":{"_class":"style","do_objectID":"FF89259B-2F8A-4D53-B728-7A1B886D013D","contextSettings":{"_class":"graphicsContextSettings","do_objectID":"5D402A60-5C6E-41EF-BA7B-81C652FD777A","blendMode":0,"opacity":0.1000000014901161},"endMarkerType":0,"fills":[{"_class":"fill","isEnabled":true,"color":{"_class":"color","alpha":1,"blue":0.8509803921568627,"green":0.4666666666666666,"red":0.5294117647058824},"fillType":0,"noiseIndex":0,"noiseIntensity":0,"patternFillType":0,"patternTileScale":1}],"miterLimit":10,"startMarkerType":0,"windingRule":1},"hasClickThrough":false,"layers":[{"_class":"rectangle","do_objectID":"D9814D12-4679-402B-806D-0524423FC9E3","booleanOperation":-1,"exportOptions":{"_class":"exportOptions","do_objectID":"06A0163A-880F-4BCC-8B14-13264A37B224","exportFormats":[],"includedLayerIds":[],"layerOptions":0,"shouldTrim":false},"frame":{"_class":"rect","do_objectID":"3E2BB22E-AEF3-46AD-9204-AA32A2BF1855","constrainProportions":false,"height":20,"width":959,"x":0,"y":0},"isFixedToViewport":false,"isFlippedHorizontal":false,"isFlippedVertical":false,"isLocked":false,"isVisible":true,"layerListExpandedType":0,"name":"Path","nameIsFixed":false,"resizingConstraint":63,"resizingType":0,"rotation":0,"shouldBreakMaskChain":false,"edited":false,"isClosed":true,"pointRadiusBehaviour":0,"points":[{"_class":"curvePoint","cornerRadius":0,"curveFrom":"{0, 0}","curveMode":1,"curveTo":"{0, 0}","hasCurveFrom":false,"hasCurveTo":false,"point":"{0, 0}"},{"_class":"curvePoint","cornerRadius":0,"curveFrom":"{1, 0}","curveMode":1,"curveTo":"{1, 0}","hasCurveFrom":false,"hasCurveTo":false,"point":"{1, 0}"},{"_class":"curvePoint","cornerRadius":0,"curveFrom":"{1, 1}","curveMode":1,"curveTo":"{1, 1}","hasCurveFrom":false,"hasCurveTo":false,"point":"{1, 1}"},{"_class":"curvePoint","cornerRadius":0,"curveFrom":"{0, 1}","curveMode":1,"curveTo":"{0, 1}","hasCurveFrom":false,"hasCurveTo":false,"point":"{0, 1}"}],"fixedRadius":0,"hasConvertedToNewRoundCorners":true}],"clippingMaskMode":0,"hasClippingMask":false,"windingRule":1}]}]}],"backgroundColor":{"_class":"color","do_objectID":"236954F1-C961-41FC-89C1-225461778797","alpha":1,"blue":1,"green":1,"red":1},"hasBackgroundColor":true,"horizontalRulerData":{"_class":"rulerData","do_objectID":"A3A7D09B-9B47-4C95-A601-163C1D20FA7F","base":0,"guides":[]},"includeBackgroundColorInExport":true,"includeInCloudUpload":true,"isFlowHome":false,"layout":{"_class":"layoutGrid","do_objectID":"69EF5D83-A580-4197-BB13-6A050FBE4769","isEnabled":false,"columnWidth":50,"drawHorizontal":false,"drawHorizontalLines":false,"drawVertical":true,"gutterHeight":12,"gutterWidth":30,"guttersOutside":true,"horizontalOffset":370,"numberOfColumns":12,"rowHeightMultiplication":5,"totalWidth":960},"presetDictionary":{"allowResizedMatching":0,"offersLandscapeVariant":0,"name":"Presentation","width":1700,"height":1050},"resizesContent":false,"verticalRulerData":{"_class":"rulerData","do_objectID":"C9F30C37-2445-4530-8450-14AC8DF92BCD","base":0,"guides":[]}}],"horizontalRulerData":{"_class":"rulerData","base":0,"guides":[]},"includeInCloudUpload":true,"verticalRulerData":{"_class":"rulerData","base":0,"guides":[]}}